Gender,Married,Dependents,Education,Self_Employed,Loan_Amount_Term,Credit_History,Property_Area,TotalIncome_log,LoanAmount_log
1,0,0.0,1,0,360.0,1.0,3,8.674196940225903,4.859812404361672
1,1,1.0,1,0,360.0,1.0,1,8.714731714015052,4.859812404361672
1,1,0.0,1,1,360.0,1.0,3,8.006700845440367,4.204692619390966
1,1,0.0,0,0,360.0,1.0,3,8.505525386548555,4.795790545596741
1,0,0.0,1,0,360.0,1.0,3,8.699681400989514,4.955827057601261
1,1,2.0,1,1,360.0,1.0,3,9.170975648453906,5.5909869805108565
1,1,0.0,0,0,360.0,1.0,3,8.25582842728183,4.564348191467836
1,1,3.0,1,0,360.0,0.0,2,8.61993026886735,5.0689042022202315
1,1,2.0,1,0,360.0,1.0,3,8.618485442898109,5.1298987149230735
1,1,1.0,1,0,360.0,1.0,2,10.077860939480908,5.857933154483459
1,1,2.0,1,0,360.0,1.0,3,8.268988209506656,4.2626798770413155
1,1,2.0,1,0,360.0,1.0,3,8.375860015299594,4.700480365792417
1,1,2.0,1,0,360.0,1.0,3,9.32188174670909,5.303304908059076
1,0,0.0,1,0,360.0,1.0,1,8.454040376410969,4.74493212836325
1,1,2.0,1,0,120.0,1.0,3,7.777373602657861,3.4339872044851463
1,0,0.0,1,0,360.0,1.0,3,8.507344855361422,4.836281906951478
1,0,1.0,0,0,240.0,1.0,3,8.187855443695623,4.61512051684126
0,0,0.0,1,0,360.0,0.0,3,8.163656176168432,4.343805421853684
1,1,0.0,0,0,360.0,1.0,1,8.494538500851432,4.897839799950911
1,1,0.0,1,0,360.0,1.0,3,8.716207971151853,4.7535901911063645
1,1,0.0,0,0,360.0,0.0,3,8.94389780251682,4.653960350157523
1,1,1.0,1,0,360.0,1.0,3,9.357121103184378,5.755742213586912
1,1,0.0,0,0,360.0,0.0,2,8.414495793177895,4.762173934797756
1,1,2.0,0,0,360.0,0.0,1,8.572249397164315,4.727387818712341
1,1,1.0,1,0,360.0,1.0,2,8.80131894766524,5.0238805208462765
1,1,0.0,1,1,360.0,1.0,2,9.165447603085447,5.2574953720277815
1,1,0.0,1,0,360.0,1.0,2,8.527737405291909,4.812184355372417
1,1,2.0,0,0,360.0,1.0,3,8.569216219483389,4.709530201312334
1,0,0.0,0,0,360.0,1.0,3,7.668093709082406,3.58351893845611
0,0,2.0,1,0,360.0,1.0,2,8.671458150427666,4.795790545596741
1,1,1.0,1,0,360.0,1.0,3,8.927446816256198,5.308267697401205
1,0,0.0,1,0,360.0,1.0,3,8.060855752934316,4.31748811353631
1,0,1.0,1,1,360.0,1.0,1,8.453827315794417,4.672828834461906
1,1,0.0,1,0,360.0,1.0,2,8.550241045462437,4.74493212836325
1,0,3.0,1,0,360.0,1.0,1,9.648659816955295,5.771441123130016
1,1,0.0,1,0,360.0,1.0,3,8.376320632534823,4.859812404361672
1,1,0.0,1,0,360.0,0.0,3,8.058010800802085,4.61512051684126
0,1,0.0,1,0,360.0,1.0,2,8.5422759717837,4.976733742420574
1,0,0.0,1,0,360.0,1.0,3,9.339349052539717,5.220355825078324
1,0,0.0,0,0,360.0,1.0,2,8.597297435657898,4.709530201312334
1,0,0.0,1,0,360.0,1.0,3,8.188966863648876,4.394449154672439
1,0,0.0,1,0,360.0,1.0,3,8.01102337918644,3.871201010907891
1,1,0.0,1,0,360.0,1.0,3,7.783640596221253,4.330733340286331
1,1,0.0,1,0,360.0,1.0,2,8.744806737401898,4.90527477843843
1,1,0.0,0,1,360.0,1.0,3,8.454466361507933,4.574710978503383
0,0,0.0,1,0,360.0,1.0,3,8.134760782418645,4.48863636973214
1,1,1.0,1,0,360.0,1.0,3,8.639410824140487,3.8066624897703196
1,1,0.0,1,0,360.0,1.0,3,8.669399124305569,4.976733742420574
0,1,0.0,1,0,360.0,0.0,3,8.713746330456916,4.795790545596741
0,0,0.0,1,0,360.0,1.0,2,8.744488113852924,4.976733742420574
0,1,0.0,0,0,360.0,1.0,2,8.181160858023409,4.61512051684126
0,0,0.0,1,0,360.0,1.0,2,8.034955024502159,4.795790545596741
0,0,0.0,1,0,360.0,1.0,2,8.350193650720067,4.727387818712341
1,1,2.0,1,0,360.0,1.0,3,8.43750042250699,4.90527477843843
0,1,1.0,1,1,360.0,0.0,3,9.350189267092581,5.659482215759621
1,1,2.0,1,0,360.0,1.0,2,8.262558973010657,4.584967478670572
1,1,0.0,1,0,360.0,1.0,2,8.222553638396958,4.574710978503383
1,1,0.0,1,0,360.0,1.0,1,8.624611588183507,4.912654885736052
1,1,1.0,1,0,360.0,1.0,3,9.242904362849446,5.198497031265826
1,1,2.0,0,0,360.0,1.0,3,8.735042754269337,4.976733742420574
1,1,0.0,1,0,360.0,1.0,3,8.747828608488742,4.795790545596741
1,1,3.0,1,0,360.0,1.0,3,8.016317898503415,4.605170185988092
1,1,0.0,0,1,180.0,0.0,1,8.70930004894499,5.111987788356544
1,1,1.0,1,0,360.0,0.0,1,8.506334448081361,4.859812404361672
0,0,0.0,1,0,360.0,0.0,2,8.334951631422454,4.762173934797756
1,1,0.0,1,0,360.0,1.0,2,9.242032818708672,5.556828061699537
1,0,0.0,0,0,180.0,0.0,3,8.604287898267172,4.844187086458591
1,1,1.0,1,0,360.0,1.0,3,9.282754052485227,5.746203190540153
1,1,3.0,0,1,60.0,1.0,3,8.867990898182093,4.836281906951478
0,0,0.0,1,0,360.0,0.0,2,8.366602832783736,4.919980925828125
1,1,0.0,1,0,360.0,1.0,3,8.744328763999984,5.153291594497779
1,1,2.0,0,1,360.0,1.0,2,8.229777750081887,4.584967478670572
1,0,0.0,1,0,300.0,1.0,2,8.160803920954665,4.406719247264253
1,1,3.0,0,0,360.0,0.0,2,8.467162257810672,4.564348191467836
1,1,3.0,1,1,360.0,1.0,2,8.859505484519133,5.236441962829949
1,0,0.0,1,0,360.0,1.0,3,8.229777750081887,4.736198448394496
1,0,0.0,1,0,360.0,1.0,3,9.04793908261736,5.176149732573829
1,1,1.0,1,1,360.0,1.0,3,8.299783171949787,4.709530201312334
1,1,3.0,1,0,300.0,0.0,2,8.877381954654766,5.198497031265826
1,1,3.0,0,1,360.0,1.0,2,8.612503371220562,4.875197323201151
0,0,0.0,1,0,360.0,1.0,2,8.255048902752295,4.718498871295094
1,1,1.0,1,1,360.0,1.0,2,7.78155595923534,4.859812404361672
0,1,2.0,1,0,360.0,1.0,3,8.089482474360754,5.123963979403259
1,1,0.0,1,0,360.0,1.0,2,9.018089684104343,5.583496308781699
1,1,1.0,1,0,240.0,1.0,3,8.291295851905407,3.9318256327243257
1,0,0.0,1,0,360.0,1.0,2,8.496582237512113,4.919980925828125
1,1,2.0,0,0,360.0,1.0,2,8.58185670474196,4.605170185988092
1,1,0.0,1,0,360.0,1.0,2,8.437933510430605,4.653960350157523
1,0,0.0,1,0,360.0,1.0,3,9.055672891964043,5.351858133476067
1,1,0.0,1,0,360.0,1.0,2,9.196545660953994,5.170483995038151
1,1,0.0,1,0,360.0,1.0,2,8.675734219544788,4.882801922586371
1,1,2.0,1,0,180.0,1.0,2,9.384713758920963,5.241747015059643
1,1,2.0,0,0,360.0,1.0,3,8.535818655539403,4.406719247264253
1,0,0.0,1,0,360.0,1.0,2,8.327000740241713,4.812184355372417
1,0,0.0,0,0,120.0,1.0,2,8.19450550976564,3.4339872044851463
1,0,0.0,1,0,360.0,1.0,3,8.82217476094608,4.859812404361672
0,1,0.0,1,0,360.0,1.0,2,8.473659189392508,4.927253685157205
1,1,0.0,1,0,360.0,1.0,2,7.99799931797973,3.9318256327243257
1,1,0.0,0,0,180.0,1.0,2,8.340217320947035,4.7535901911063645
1,1,0.0,1,0,360.0,1.0,2,8.575650760987806,4.882801922586371
1,1,2.0,0,0,180.0,1.0,3,8.929567707825337,4.897839799950911
1,0,0.0,1,0,360.0,1.0,2,9.065314599925925,5.0238805208462765
1,1,0.0,1,0,360.0,1.0,3,9.521568058002977,4.859812404361672
1,1,0.0,1,0,360.0,1.0,2,9.01627006814768,4.859812404361672
1,1,0.0,1,0,360.0,1.0,3,8.427487278331744,5.081404364984463
1,1,1.0,1,0,360.0,1.0,3,8.314587291319576,4.61512051684126
1,1,2.0,1,0,360.0,1.0,3,9.436997742590188,5.420534999272286
1,0,0.0,0,0,360.0,1.0,1,8.900276348631271,4.795790545596741
1,1,2.0,1,0,360.0,0.0,3,8.909370405197466,5.37989735354046
1,1,3.0,0,0,360.0,1.0,2,7.946617563244473,4.553876891600541
1,0,0.0,1,0,360.0,1.0,3,8.57866451350434,4.919980925828125
0,1,0.0,1,0,360.0,1.0,2,8.56845648535378,4.941642422609304
1,1,0.0,0,0,360.0,0.0,1,8.947285869349132,5.030437921392435
0,0,1.0,1,1,360.0,1.0,2,8.916237731721479,4.859812404361672
1,0,0.0,1,0,360.0,1.0,2,8.527341522468053,4.77912349311153
1,1,1.0,1,0,180.0,1.0,1,9.5876803163585,5.225746673713202
0,1,0.0,1,0,360.0,1.0,2,8.603554357064281,5.043425116919247
1,1,1.0,1,0,360.0,1.0,3,8.19229373114764,4.454347296253507
1,1,0.0,1,0,360.0,1.0,1,8.95040315983296,5.170483995038151
0,0,0.0,1,0,360.0,1.0,3,9.250426095515468,5.560681631015528
1,1,0.0,1,0,360.0,1.0,1,9.028218795184895,5.198497031265826
0,0,0.0,1,0,360.0,1.0,2,8.334951631422454,3.8066624897703196
0,0,0.0,1,0,360.0,0.0,2,9.316320695513415,4.927253685157205
1,1,2.0,1,0,360.0,1.0,2,7.992268643270745,4.406719247264253
1,1,0.0,0,0,360.0,1.0,1,8.750683034784592,5.272999558563747
0,0,0.0,1,0,360.0,1.0,1,8.214194414852564,4.543294782270004
1,1,3.0,1,0,360.0,1.0,1,10.077608912764743,5.916202062607435
1,0,0.0,1,0,360.0,1.0,1,8.613593685702552,4.859812404361672
1,1,1.0,1,1,180.0,0.0,3,9.572480355345974,5.081404364984463
1,1,0.0,1,0,360.0,1.0,1,9.065314599925925,5.209486152841421
1,0,0.0,1,1,360.0,1.0,3,9.911802884139842,6.478509642208569
1,0,0.0,1,0,360.0,1.0,3,8.279950715722526,4.31748811353631
1,0,0.0,1,0,360.0,1.0,2,7.908019444632471,4.2626798770413155
1,1,0.0,1,1,120.0,1.0,2,8.14902386805177,3.4339872044851463
1,0,0.0,1,0,360.0,1.0,2,8.496173824192162,4.634728988229636
1,1,3.0,1,0,360.0,1.0,2,9.371693622333941,5.673323267171493
0,1,0.0,1,0,360.0,1.0,1,8.430327258394575,4.442651256490317
1,1,2.0,1,1,360.0,1.0,3,8.827174771362785,4.48863636973214
1,0,0.0,1,0,360.0,0.0,2,9.615805480084347,5.493061443340548
1,1,2.0,0,0,360.0,1.0,1,8.636042325254618,4.867534450455582
1,1,2.0,1,0,360.0,1.0,1,8.871505346165781,5.225746673713202
1,0,0.0,1,0,360.0,1.0,3,8.59748202264504,5.1298987149230735
1,0,0.0,1,1,180.0,1.0,2,8.846640813100485,5.170483995038151
1,1,0.0,1,0,360.0,1.0,2,8.462314529906248,4.812184355372417
1,1,2.0,1,0,180.0,1.0,3,9.3722891389622,5.236441962829949
0,1,0.0,1,0,360.0,1.0,2,8.827174771362785,4.61512051684126
0,1,2.0,1,0,360.0,1.0,3,9.60689927061335,4.2626798770413155
1,1,1.0,1,0,360.0,1.0,3,7.994294986415977,3.4339872044851463
0,0,0.0,1,0,360.0,1.0,1,9.364519622823858,5.420534999272286
1,1,0.0,1,0,360.0,1.0,2,8.646641258603124,4.836281906951478
1,0,0.0,1,0,360.0,0.0,1,8.744806737401898,4.77912349311153
1,1,0.0,1,1,360.0,1.0,1,8.75273950944749,5.030437921392435
1,0,0.0,1,0,360.0,1.0,3,9.123365357961776,5.501258210544727
1,1,2.0,0,0,360.0,1.0,1,7.732807530422021,4.736198448394496
1,0,0.0,1,0,360.0,1.0,3,8.08794755464267,3.9318256327243257
1,1,3.0,1,0,180.0,0.0,2,10.537945736747394,6.398594934535208
1,1,1.0,1,0,360.0,1.0,1,8.699681400989514,5.081404364984463
1,1,1.0,1,0,360.0,1.0,3,9.163143937145207,5.236441962829949
1,0,0.0,1,0,360.0,1.0,1,8.529911963824013,4.795790545596741
1,1,0.0,1,0,360.0,1.0,2,9.231024963169016,5.545177444479562
1,1,0.0,0,0,360.0,1.0,2,7.974188669286011,4.59511985013459
1,1,0.0,1,0,360.0,1.0,3,8.978912601074276,5.62040086571715
1,1,1.0,1,0,360.0,0.0,2,8.382518288089635,4.804021044733257
1,1,2.0,1,0,360.0,1.0,1,8.633196867172543,5.0689042022202315
1,1,0.0,1,0,180.0,1.0,3,9.140347000155648,4.330733340286331
1,1,0.0,1,0,360.0,1.0,1,8.835501457409778,5.209486152841421
0,1,0.0,1,0,360.0,1.0,1,8.430327258394575,4.727387818712341
1,1,0.0,1,0,360.0,1.0,1,8.660947155060933,4.867534450455582
1,0,0.0,1,0,360.0,0.0,2,7.71333788887187,4.1588830833596715
1,1,2.0,1,0,360.0,1.0,2,8.987321812850125,5.303304908059076
1,1,0.0,0,0,360.0,1.0,1,8.185907481482324,4.564348191467836
1,1,3.0,1,0,300.0,1.0,3,10.537945736747394,6.55250788703459
1,1,3.0,0,0,180.0,1.0,1,8.167068178341237,4.406719247264253
1,1,0.0,1,0,360.0,1.0,2,9.335562336729565,5.236441962829949
1,1,0.0,0,1,360.0,1.0,2,8.533263371593732,4.477336814478207
1,1,0.0,1,0,360.0,1.0,1,8.60557030203365,4.762173934797756
1,1,2.0,1,0,360.0,1.0,1,8.206583614320753,4.624972813284271
1,1,3.0,1,0,360.0,0.0,2,9.73014555852275,6.206575926724928
1,1,1.0,1,0,360.0,1.0,2,8.229777750081887,4.762173934797756
1,0,0.0,0,0,360.0,0.0,3,8.23880116587155,4.634728988229636
1,1,1.0,1,0,360.0,0.0,3,9.521568058002977,5.198497031265826
1,0,0.0,1,0,360.0,1.0,1,8.850804195756417,4.219507705176107
1,1,0.0,1,0,180.0,1.0,2,8.434028950155469,4.30406509320417
1,1,1.0,1,0,360.0,1.0,2,10.429605648120413,5.564520407322694
0,1,0.0,1,0,360.0,1.0,2,8.195885391314796,4.6913478822291435
1,1,0.0,1,1,360.0,1.0,2,10.537945736747394,4.795790545596741
1,1,1.0,1,1,300.0,0.0,1,7.68662133494462,4.204692619390966
1,1,0.0,1,0,360.0,1.0,1,8.416709652837914,4.07753744390572
1,1,0.0,1,1,360.0,1.0,1,8.694669696546992,5.1298987149230735
1,1,0.0,1,0,180.0,1.0,1,9.140883106960962,5.241747015059643
1,0,0.0,0,0,360.0,1.0,1,8.494129251817686,3.8918202981106265
1,0,0.0,1,0,360.0,1.0,2,9.392745258631441,5.10594547390058
1,1,0.0,0,0,360.0,1.0,3,8.705165419719007,5.081404364984463
1,0,0.0,1,0,360.0,1.0,2,8.258163361537619,4.343805421853684
1,0,0.0,1,0,360.0,1.0,1,8.340933226000878,4.795790545596741
1,1,1.0,1,0,360.0,1.0,2,8.64979915596426,5.14166355650266
1,0,0.0,1,0,360.0,1.0,1,9.399637542506563,5.236441962829949
0,0,0.0,0,0,360.0,1.0,3,8.360071435644025,4.795790545596741
0,1,0.0,1,0,360.0,1.0,2,8.73761303680885,4.736198448394496
1,0,0.0,1,1,360.0,1.0,3,9.305741456739435,4.430816798843313
1,1,1.0,0,0,360.0,1.0,2,8.537191877922927,4.51085950651685
1,0,2.0,1,0,360.0,0.0,2,8.501876487304344,5.117993812416755
1,1,3.0,0,0,180.0,1.0,3,8.292298107063221,4.859812404361672
1,1,1.0,0,0,360.0,1.0,3,8.430327258394575,4.912654885736052
1,1,2.0,0,0,360.0,1.0,2,8.273336598504486,4.8283137373023015
0,0,0.0,0,0,360.0,1.0,2,8.391403185357937,4.795790545596741
0,0,0.0,1,0,360.0,1.0,3,8.08487062913819,4.394449154672439
1,0,0.0,0,0,360.0,1.0,1,8.780633799494984,4.02535169073515
1,0,0.0,1,0,360.0,1.0,3,7.8160138391590275,4.0943445622221
1,0,0.0,1,0,360.0,1.0,2,8.137103389639302,4.852030263919617
0,0,0.0,1,0,360.0,1.0,2,9.210440366976517,5.3706380281276624
1,1,3.0,1,0,360.0,0.0,2,8.45126704130007,4.859812404361672
1,1,1.0,1,1,360.0,1.0,3,8.960339366492091,5.484796933490655
1,1,3.0,0,1,360.0,1.0,1,8.648922962094131,4.875197323201151
1,1,0.0,1,0,360.0,1.0,3,8.731497794063243,4.927253685157205
1,1,3.0,0,0,360.0,1.0,2,8.483429561263428,4.61512051684126
1,1,0.0,1,0,360.0,1.0,1,7.668093709082406,4.912654885736052
1,1,0.0,1,0,360.0,1.0,2,8.613048677059759,4.882801922586371
1,1,2.0,1,0,360.0,0.0,2,8.517393171418904,4.290459441148391
0,1,2.0,1,0,360.0,1.0,2,8.80492526261806,4.852030263919617
1,1,0.0,1,0,360.0,0.0,3,7.706162970199576,4.110873864173311
1,1,2.0,1,0,360.0,1.0,2,8.652947112393857,4.762173934797756
1,0,0.0,1,0,360.0,1.0,2,8.659213451436667,4.976733742420574
1,1,0.0,1,0,360.0,1.0,2,9.058237593766226,5.170483995038151
1,1,0.0,1,0,360.0,1.0,2,8.740496729931813,4.859812404361672
1,1,0.0,1,0,360.0,1.0,1,8.086717920303906,5.14166355650266
1,1,0.0,0,1,360.0,1.0,3,8.462948176563842,4.9344739331306915
1,1,2.0,1,0,360.0,1.0,2,8.980423936374544,5.351858133476067
1,1,0.0,1,0,360.0,1.0,2,8.46779284112111,5.0689042022202315
1,0,0.0,1,1,360.0,1.0,1,8.764209507142004,5.303304908059076
1,1,1.0,1,0,360.0,1.0,2,8.422003004412488,4.653960350157523
1,1,0.0,1,0,180.0,1.0,1,8.220672170297252,3.7612001156935624
1,0,0.0,0,0,360.0,1.0,1,8.663542087751374,4.795790545596741
0,0,0.0,1,0,360.0,1.0,2,9.0280988119824,5.638354669333745
1,1,1.0,1,0,360.0,1.0,2,8.504107951867582,4.948759890378168
1,1,1.0,1,0,360.0,1.0,1,8.818926087090677,5.14166355650266
1,1,0.0,1,0,360.0,1.0,3,8.656433258507741,5.545177444479562
0,0,0.0,1,1,360.0,1.0,3,8.150179269682326,4.812184355372417
0,0,1.0,1,0,360.0,1.0,1,8.246171559857563,4.727387818712341
1,1,1.0,1,0,360.0,1.0,2,8.106514516255185,4.574710978503383
1,1,2.0,1,0,360.0,1.0,1,9.289151552400472,4.795790545596741
1,1,1.0,0,0,180.0,1.0,3,8.410498452745275,4.948759890378168
1,0,0.0,1,0,60.0,1.0,3,9.067277989134345,5.049856007249537
1,1,2.0,1,1,360.0,1.0,1,8.929435283803425,4.6913478822291435
1,1,0.0,0,0,360.0,1.0,2,8.964951211714654,4.820281565605037
1,0,0.0,1,1,180.0,1.0,3,9.248021438943871,4.795790545596741
1,1,2.0,1,0,360.0,1.0,3,9.180293450623886,4.727387818712341
1,1,1.0,0,0,180.0,1.0,3,8.796187635470453,4.927253685157205
1,1,1.0,1,0,360.0,1.0,2,8.460834457746854,4.820281565605037
1,1,0.0,1,0,360.0,1.0,3,8.210124405164267,4.51085950651685
1,1,0.0,0,0,360.0,0.0,2,8.62317351495347,5.308267697401205
0,0,2.0,1,0,360.0,1.0,3,8.13973227971767,4.9344739331306915
1,0,0.0,0,1,360.0,1.0,1,8.46611040118692,4.653960350157523
1,1,1.0,0,0,180.0,1.0,2,9.186355009225672,5.634789603169249
1,0,0.0,1,1,360.0,0.0,3,9.69590972432601,5.262690188904886
0,0,3.0,1,0,360.0,1.0,1,8.03398273468322,5.545177444479562
1,0,0.0,0,0,360.0,0.0,1,8.707152175339404,4.7535901911063645
1,1,3.0,1,0,360.0,1.0,3,8.566173813637858,4.553876891600541
1,1,0.0,1,0,360.0,1.0,1,9.728181330636078,5.720311776607412
1,1,3.0,0,0,360.0,1.0,2,8.503499864284235,4.859812404361672
1,1,1.0,1,0,360.0,1.0,3,9.24319470884713,5.802118375377063
1,0,0.0,1,0,360.0,1.0,2,8.35936910622267,4.90527477843843
0,0,1.0,1,0,360.0,1.0,2,8.155362120328135,5.049856007249537
0,0,0.0,1,0,360.0,1.0,1,8.881975184248867,4.795790545596741
1,0,0.0,1,1,360.0,1.0,2,8.550047528287184,4.859812404361672
1,0,0.0,1,0,360.0,1.0,1,8.928375259853631,5.0238805208462765
1,1,2.0,1,0,360.0,1.0,2,8.715388097366482,5.017279836814924
1,1,3.0,1,0,360.0,0.0,3,8.723394022000136,5.081404364984463
0,0,0.0,1,0,360.0,1.0,1,8.137103389639302,4.912654885736052
0,0,1.0,1,0,360.0,1.0,3,8.39773375137891,4.51085950651685
0,0,0.0,1,0,360.0,1.0,3,8.08271113423758,3.4339872044851463
1,1,0.0,1,0,360.0,1.0,3,9.318925682389624,4.919980925828125
1,0,0.0,1,0,360.0,1.0,1,8.453401058328458,4.844187086458591
1,1,0.0,1,0,360.0,1.0,2,8.485496104672983,5.017279836814924
1,1,2.0,1,0,360.0,1.0,2,8.268988209506656,4.51085950651685
1,1,1.0,1,0,360.0,1.0,2,8.432288684325794,4.7535901911063645
1,1,0.0,1,0,360.0,1.0,2,8.891236429516061,5.337538079701318
1,1,0.0,1,0,360.0,1.0,3,8.390268497842571,4.394449154672439
1,1,0.0,1,0,360.0,1.0,2,9.5876803163585,6.07993319509559
0,1,0.0,0,0,360.0,1.0,1,8.31898612539206,4.8283137373023015
1,0,1.0,0,1,360.0,0.0,3,8.776475789346321,5.0689042022202315
1,1,0.0,1,0,360.0,1.0,2,8.461257559085935,4.727387818712341
1,1,2.0,1,0,180.0,1.0,3,8.097973923364721,4.3694478524670215
0,0,0.0,1,0,360.0,1.0,3,8.154212694914229,4.007333185232471
1,1,0.0,1,0,360.0,1.0,1,9.936341889407075,4.859812404361672
1,0,0.0,1,0,360.0,1.0,1,8.734238184268579,4.499809670330265
0,0,0.0,1,1,300.0,1.0,2,8.370547611074752,4.605170185988092
1,1,0.0,1,0,360.0,1.0,1,8.649098262296176,4.795790545596741
0,0,0.0,1,0,360.0,1.0,2,8.324821298768782,4.7535901911063645
1,0,0.0,1,0,360.0,1.0,1,9.159993997539445,5.236441962829949
1,1,0.0,1,0,360.0,1.0,1,8.61104776688786,4.941642422609304
1,1,2.0,1,0,360.0,0.0,2,8.38958706681109,4.852030263919617
1,1,2.0,1,0,360.0,1.0,3,8.458292083496076,4.90527477843843
0,0,0.0,1,0,360.0,0.0,3,8.59748202264504,4.969813299576001
1,1,0.0,1,0,360.0,1.0,2,8.651374372882257,5.153291594497779
1,1,3.0,1,0,360.0,1.0,3,8.64241515616962,4.709530201312334
1,1,1.0,1,0,360.0,1.0,2,8.83579236650274,5.303304908059076
0,1,1.0,1,0,360.0,1.0,3,8.448271745949816,4.912654885736052
0,0,0.0,1,0,360.0,1.0,1,8.928242677818302,5.0238805208462765
1,1,1.0,1,0,360.0,1.0,3,8.505120610181969,4.736198448394496
1,1,0.0,0,0,360.0,0.0,3,8.462737005620179,4.543294782270004
1,1,0.0,0,0,360.0,1.0,2,8.439447842791385,4.663439094112067
0,0,0.0,1,0,360.0,1.0,1,8.517393171418904,4.890349128221754
1,1,1.0,1,0,360.0,1.0,3,8.14002395246292,4.574710978503383
1,0,0.0,1,0,360.0,1.0,1,8.77971129020447,4.948759890378168
1,0,0.0,0,0,360.0,1.0,3,7.668093709082406,4.859812404361672
0,0,0.0,1,0,360.0,1.0,1,8.599510233905452,4.912654885736052
0,0,0.0,1,0,360.0,0.0,3,8.357962965845681,4.653960350157523
1,0,0.0,1,0,360.0,1.0,1,9.915119636765835,6.175867270105761
1,1,2.0,0,0,360.0,1.0,1,8.944811104165534,5.225746673713202
0,0,0.0,1,0,360.0,1.0,2,7.978653729082731,4.442651256490317
1,0,0.0,0,0,360.0,1.0,2,8.581669210600602,4.718498871295094
0,0,0.0,1,0,360.0,1.0,1,7.827240901752812,4.04305126783455
1,1,2.0,1,1,84.0,1.0,1,8.656433258507741,4.976733742420574
1,1,0.0,1,0,360.0,1.0,1,8.370315995555478,5.075173815233827
1,1,1.0,0,0,180.0,1.0,3,8.525161361065415,4.718498871295094
1,1,2.0,1,0,360.0,1.0,2,8.220941168281389,4.795790545596741
1,1,0.0,1,0,360.0,1.0,3,8.341171747170762,4.48863636973214
0,0,1.0,1,0,360.0,1.0,2,8.17244681834278,4.727387818712341
1,1,1.0,1,1,360.0,1.0,1,9.210440366976517,5.049856007249537
1,1,0.0,1,0,360.0,1.0,2,8.426830751335846,4.7535901911063645
1,1,3.0,1,0,360.0,1.0,2,8.418918622147897,4.8283137373023015
1,1,2.0,0,0,360.0,1.0,1,8.554874258383926,4.859812404361672
0,0,0.0,1,0,360.0,1.0,1,8.72453251118548,4.890349128221754
1,1,3.0,1,0,360.0,1.0,1,9.61587214452889,5.707110264748875
1,1,1.0,1,1,360.0,0.0,1,9.521494800613105,5.932245187448011
1,0,0.0,1,0,360.0,0.0,1,8.500657222776137,4.875197323201151
1,1,0.0,1,1,360.0,1.0,2,8.984568369308281,5.220355825078324
0,1,0.0,1,0,360.0,1.0,3,8.82246957226897,4.709530201312334
0,0,0.0,1,0,360.0,1.0,3,7.824445930877619,4.219507705176107
1,0,1.0,1,0,360.0,1.0,3,8.728749873478527,4.770684624465665
1,0,0.0,1,0,360.0,1.0,2,7.984803389734406,4.59511985013459
1,0,0.0,1,0,360.0,1.0,3,7.949444420250626,4.276666119016055
1,1,0.0,1,0,180.0,1.0,3,10.537945736747394,6.19644412779452
1,1,1.0,1,1,180.0,1.0,3,9.364519622823858,5.209486152841421
1,1,0.0,1,1,360.0,1.0,2,9.20974019190415,4.2626798770413155
1,1,1.0,1,0,360.0,1.0,1,8.68929604801586,5.081404364984463
1,1,2.0,1,1,360.0,1.0,1,8.867990898182093,5.176149732573829
0,0,3.0,0,0,360.0,0.0,3,7.668093709082406,4.859812404361672
0,0,0.0,1,0,360.0,1.0,2,8.333510708982942,4.276666119016055
1,1,3.0,0,0,360.0,1.0,1,8.351138607086154,5.159055299214529
0,0,0.0,1,0,360.0,1.0,1,7.774435510302958,3.8501476017100584
1,1,1.0,0,0,360.0,1.0,3,8.6628507638386,5.0689042022202315
1,1,3.0,0,0,360.0,1.0,2,8.062747901086354,4.31748811353631
1,1,2.0,1,0,360.0,1.0,1,8.499843553081124,4.836281906951478
1,1,0.0,1,0,360.0,1.0,2,8.508757712595136,5.081404364984463
1,1,0.0,0,0,360.0,0.0,1,8.817890200945513,5.030437921392435
1,1,2.0,0,0,360.0,1.0,3,8.566364235422688,4.844187086458591
1,1,0.0,1,0,360.0,1.0,2,9.29807648628027,5.560681631015528
1,1,0.0,1,0,360.0,1.0,1,9.091106284052485,5.236441962829949
1,1,0.0,1,0,360.0,1.0,2,9.114269903225448,5.43372200355424
1,0,0.0,1,0,360.0,1.0,1,9.466376966592419,5.733341276897746
1,1,3.0,1,0,360.0,1.0,1,8.465899897028686,4.564348191467836
0,1,0.0,1,1,360.0,0.0,1,8.612685172875459,4.663439094112067
0,1,0.0,1,0,360.0,1.0,2,7.982416346827733,4.875197323201151
0,0,0.0,1,0,180.0,1.0,3,8.246433786160365,4.762173934797756
1,1,2.0,1,0,360.0,1.0,1,9.350189267092581,5.111987788356544
1,1,1.0,1,0,360.0,1.0,3,8.262558973010657,4.219507705176107
1,1,0.0,0,0,360.0,0.0,3,8.448271745949816,4.61512051684126
1,1,3.0,1,0,360.0,1.0,2,9.028218795184895,5.303304908059076
0,0,1.0,1,0,360.0,1.0,2,8.460411177317253,4.406719247264253
1,1,2.0,1,0,360.0,1.0,2,9.067393362656249,5.4680601411351315
1,1,0.0,1,0,360.0,1.0,3,8.865593998902725,4.875197323201151
1,1,0.0,1,0,300.0,1.0,3,8.707317560273212,4.564348191467836
1,0,0.0,1,1,360.0,1.0,1,8.828054536815424,4.955827057601261
1,0,0.0,0,0,360.0,1.0,1,8.735042754269337,4.897839799950911
1,0,0.0,1,0,360.0,1.0,2,7.824445930877619,4.574710978503383
1,0,0.0,1,0,360.0,0.0,1,8.54188580400661,4.8283137373023015
1,1,1.0,1,0,360.0,1.0,2,8.752423403865594,5.170483995038151
1,1,0.0,1,0,360.0,1.0,1,10.126511096649761,6.3473892096560105
0,0,0.0,1,1,360.0,1.0,2,9.66523036341187,4.02535169073515
1,1,2.0,1,0,360.0,1.0,2,8.55371796609861,5.049856007249537
1,1,2.0,1,1,300.0,1.0,1,9.752490228984199,5.942799375126701
1,0,1.0,1,0,180.0,0.0,3,8.527143522269405,4.718498871295094
0,0,0.0,1,0,360.0,1.0,3,8.348537825386098,4.709530201312334
1,1,0.0,1,0,180.0,1.0,3,8.655388690167637,4.795790545596741
1,1,3.0,1,0,360.0,1.0,1,9.52857589747142,4.875197323201151
1,1,0.0,1,0,360.0,1.0,2,8.368925174747135,4.875197323201151
1,0,0.0,1,0,360.0,1.0,3,8.029432840581244,4.276666119016055
1,1,2.0,1,0,360.0,1.0,3,8.592671652592143,4.875197323201151
1,1,0.0,1,0,360.0,1.0,2,8.671458150427666,4.859812404361672
1,0,0.0,1,0,360.0,1.0,2,9.22759072538271,5.6937321388027
0,0,0.0,1,0,360.0,1.0,3,8.699681400989514,5.056245805348308
1,0,0.0,1,1,360.0,1.0,3,8.877381954654766,4.859812404361672
1,1,2.0,1,0,360.0,1.0,3,8.426611813185,4.61512051684126
1,0,1.0,1,0,180.0,1.0,3,8.207401833376355,4.736198448394496
1,0,0.0,0,0,360.0,1.0,2,8.280711075662847,4.890349128221754
1,1,0.0,0,0,360.0,0.0,3,8.72371943690701,4.859812404361672
1,1,0.0,1,0,360.0,1.0,3,8.46611040118692,4.919980925828125
1,1,0.0,1,0,360.0,1.0,1,8.610501368549889,4.836281906951478
1,0,3.0,1,0,360.0,1.0,1,9.12347443895452,5.225746673713202
1,1,3.0,1,0,360.0,1.0,1,9.15957325492253,5.62040086571715
1,1,0.0,1,0,360.0,1.0,3,8.455104999102815,4.795790545596741
1,1,2.0,0,0,180.0,1.0,2,8.193953023563742,4.736198448394496
1,1,2.0,1,0,360.0,1.0,3,8.412054873292933,4.736198448394496
1,1,2.0,1,0,360.0,1.0,2,8.232440158470336,4.912654885736052
0,0,0.0,1,0,360.0,0.0,3,8.064950891749143,4.276666119016055
1,1,0.0,1,0,360.0,1.0,3,8.41027590907016,4.564348191467836
1,0,0.0,0,0,360.0,1.0,1,8.624970783589669,4.700480365792417
0,0,0.0,1,0,360.0,0.0,2,8.101980731853192,4.6443908991413725
1,1,2.0,0,0,180.0,0.0,3,7.969011781106478,3.828641396489095
1,0,0.0,0,0,300.0,1.0,1,7.9215356321335495,4.189654742026425
1,0,0.0,1,0,360.0,1.0,2,10.021315031649332,4.6443908991413725
0,0,0.0,0,0,360.0,1.0,2,7.668093709082406,3.9889840465642745
0,0,0.0,1,1,360.0,1.0,1,8.914894908906568,5.272999558563747
0,0,0.0,1,0,360.0,1.0,2,8.422442854870427,4.7535901911063645
1,1,0.0,0,0,360.0,1.0,3,8.426830751335846,4.7535901911063645
0,0,0.0,0,0,360.0,1.0,1,7.7025561132685825,4.204692619390966
1,1,1.0,1,0,300.0,0.0,2,9.024131268455035,5.030437921392435
1,1,3.0,1,0,360.0,0.0,1,10.537945736747394,5.8888779583328805
0,0,1.0,0,1,360.0,1.0,2,8.260492856573185,4.143134726391533
1,1,0.0,1,0,360.0,1.0,3,8.741456115998364,5.081404364984463
1,1,0.0,0,0,360.0,0.0,1,8.715552125907816,5.389071729816501
1,1,0.0,0,0,360.0,1.0,1,8.363342466597977,4.709530201312334
0,1,0.0,0,0,360.0,0.0,2,8.591743922680534,5.187385805840755
0,0,0.0,1,0,360.0,1.0,3,8.005033344637111,4.110873864173311
0,0,1.0,1,0,360.0,1.0,3,7.8636512654486515,5.081404364984463
1,1,2.0,1,1,360.0,1.0,3,9.980494888896912,5.480638923341991
1,1,0.0,1,0,360.0,1.0,1,8.242493153187626,4.727387818712341
1,1,0.0,1,0,360.0,1.0,2,8.447628728030327,4.9344739331306915
1,1,0.0,1,0,360.0,1.0,1,8.670772279344538,4.9344739331306915
0,0,0.0,0,0,360.0,0.0,3,7.908754738783246,4.394449154672439
1,1,0.0,1,0,360.0,1.0,3,8.17188200612782,4.61512051684126
1,1,1.0,1,0,360.0,0.0,3,9.095826985187422,4.709530201312334
1,1,0.0,1,0,360.0,1.0,2,9.60784051043005,4.574710978503383
1,1,0.0,1,0,360.0,1.0,1,8.848939995030118,4.804021044733257
0,0,1.0,0,0,360.0,1.0,1,8.435332164935916,4.406719247264253
1,1,2.0,1,0,360.0,1.0,2,8.688790784847216,4.897839799950911
1,1,0.0,1,0,360.0,1.0,1,7.9851847886683345,4.477336814478207
1,0,0.0,0,0,180.0,1.0,3,7.907651594711089,4.110873864173311
0,0,1.0,1,1,360.0,1.0,2,9.062420241899561,5.017279836814924
1,0,0.0,1,0,360.0,0.0,1,8.77971129020447,4.663439094112067
1,0,0.0,1,0,360.0,1.0,2,9.463198053273784,6.0063531596017325
1,1,0.0,1,0,360.0,1.0,2,8.469262657658687,4.969813299576001
1,0,0.0,1,0,360.0,1.0,3,8.229777750081887,4.61512051684126
0,1,0.0,1,0,240.0,1.0,2,9.21512888870798,4.859812404361672
1,0,0.0,1,0,360.0,1.0,2,8.236950048061455,3.9318256327243257
1,1,0.0,1,0,360.0,1.0,3,8.113426639943654,4.859812404361672
1,0,0.0,1,1,360.0,0.0,3,9.251194365984448,5.236441962829949
0,1,0.0,0,1,360.0,1.0,1,8.873888135154973,4.9344739331306915
1,0,0.0,1,0,360.0,1.0,2,9.073947747070628,5.236441962829949
1,1,0.0,1,0,360.0,1.0,1,9.1834829178063,5.198497031265826
1,0,3.0,0,0,360.0,1.0,2,8.81001204797317,5.003946305945459
1,0,1.0,1,0,360.0,1.0,2,10.537945736747394,5.030437921392435
1,1,0.0,1,0,300.0,1.0,1,9.659311868393488,5.170483995038151
1,1,1.0,1,1,360.0,1.0,1,8.450412157725886,4.875197323201151
1,1,2.0,0,0,360.0,1.0,1,8.445267451844648,4.709530201312334
1,1,0.0,1,0,360.0,1.0,1,8.500250470685925,4.02535169073515
1,1,2.0,1,0,360.0,0.0,1,8.527341522468053,5.017279836814924
1,0,1.0,0,1,360.0,1.0,2,8.369157112588834,5.25227342804663
1,1,2.0,0,0,360.0,0.0,1,8.178919332848396,4.836281906951478
1,1,2.0,0,0,300.0,1.0,3,8.13593277200489,4.110873864173311
1,1,0.0,1,0,360.0,0.0,1,8.645058562414134,5.0106352940962555
1,1,0.0,1,0,180.0,0.0,1,8.507142855562735,4.51085950651685
1,0,0.0,1,1,360.0,1.0,2,8.865876285425417,4.442651256490317
1,1,2.0,1,0,360.0,1.0,2,8.258422462458876,4.574710978503383
1,1,0.0,1,0,360.0,1.0,3,8.366835309827675,4.77912349311153
1,1,0.0,1,0,360.0,1.0,3,8.744806737401898,5.159055299214529
1,0,2.0,1,0,360.0,1.0,1,8.379079889286603,4.919980925828125
1,1,0.0,1,0,360.0,1.0,2,9.028218795184895,5.081404364984463
1,1,0.0,1,1,360.0,1.0,2,8.726967774991493,5.081404364984463
1,1,3.0,1,0,180.0,1.0,3,8.954286157204713,4.859812404361672
1,1,0.0,1,0,360.0,1.0,1,8.557182839632397,5.0369526024136295
0,0,1.0,0,0,360.0,1.0,2,8.554874258383926,4.890349128221754
1,0,0.0,1,0,360.0,0.0,2,8.334951631422454,4.59511985013459
1,0,0.0,1,0,360.0,1.0,1,8.699681400989514,4.948759890378168
1,1,3.0,0,0,180.0,0.0,3,8.436416881388949,4.2626798770413155
1,1,0.0,1,0,360.0,1.0,2,9.722744748855389,4.709530201312334
0,1,2.0,0,0,360.0,1.0,2,8.048149101665201,4.59511985013459
1,1,0.0,1,0,360.0,1.0,3,8.82246957226897,4.709530201312334
1,1,1.0,1,1,360.0,1.0,2,8.61794309451638,5.093750200806762
1,1,1.0,0,0,180.0,0.0,1,8.331827004436057,4.736198448394496
1,1,3.0,1,0,360.0,1.0,2,8.453614209773367,4.61512051684126
0,0,0.0,1,1,360.0,1.0,3,7.824445930877619,4.543294782270004
1,0,2.0,1,0,360.0,1.0,1,9.228278517107196,5.093750200806762
1,1,2.0,1,1,360.0,1.0,1,9.772239265926174,5.017279836814924
1,1,2.0,1,0,300.0,1.0,2,9.042040056544483,5.442417710521793
1,1,2.0,1,0,360.0,0.0,2,8.465057436995709,4.890349128221754
1,1,1.0,1,1,360.0,1.0,2,9.847869128773116,4.465908118654584
1,1,2.0,1,0,360.0,1.0,3,8.423102268016642,4.859812404361672
0,0,0.0,0,0,360.0,1.0,1,8.37816098272068,5.043425116919247
1,1,3.0,0,0,360.0,1.0,1,8.037866234709618,4.736198448394496
1,1,0.0,1,0,360.0,1.0,2,8.562931083090092,4.859812404361672
1,1,0.0,1,0,360.0,1.0,2,9.290444616217844,5.459585514144159
1,1,2.0,1,0,360.0,1.0,2,9.0280988119824,5.5093883366279774
1,1,1.0,0,0,360.0,1.0,1,8.388222810119277,4.882801922586371
1,0,2.0,1,0,360.0,0.0,1,8.17413934342947,4.394449154672439
1,1,1.0,1,0,360.0,1.0,3,9.816512538521721,6.2166061010848646
1,1,2.0,1,1,360.0,1.0,2,8.80492526261806,5.081404364984463
1,0,0.0,1,0,360.0,1.0,3,7.798112628829788,4.330733340286331
1,0,0.0,0,0,360.0,1.0,2,8.609772372709331,4.574710978503383
1,1,1.0,0,0,360.0,1.0,3,8.774158291205957,5.231108616854587
1,0,0.0,0,0,360.0,1.0,1,8.213923595622743,4.709530201312334
0,0,0.0,0,1,360.0,1.0,2,9.756378687497916,5.420534999272286
1,1,0.0,1,0,360.0,0.0,1,8.657824321155983,4.787491742782046
0,1,1.0,1,0,84.0,1.0,2,8.352318548226004,4.663439094112067
1,1,0.0,0,0,360.0,1.0,1,8.366602832783736,4.68213122712422
1,1,0.0,1,0,360.0,1.0,3,8.920389060080359,4.718498871295094
1,1,1.0,1,1,360.0,1.0,2,7.971085753505607,4.564348191467836
1,0,0.0,1,0,360.0,0.0,1,9.277999020449997,5.3471075307174685
0,0,0.0,1,0,360.0,1.0,1,8.37309184744198,4.736198448394496
0,0,0.0,1,0,360.0,1.0,2,8.058327306580958,4.61512051684126
1,1,2.0,1,0,360.0,1.0,2,9.258177701390343,5.342334251964811
1,1,1.0,0,0,360.0,1.0,1,9.143452426434552,4.9344739331306915
1,1,0.0,0,0,300.0,1.0,2,8.575084669832014,4.8283137373023015
1,1,2.0,1,0,360.0,1.0,1,8.978029932837156,5.497168225293202
1,1,0.0,1,0,360.0,1.0,3,10.221977646629885,6.175867270105761
1,0,0.0,1,0,360.0,1.0,3,8.18423477409482,4.574710978503383
1,1,0.0,1,1,360.0,1.0,3,8.61122983334262,5.241747015059643
0,0,1.0,1,0,360.0,1.0,3,9.492733482494353,3.713572066704308
1,0,0.0,0,0,360.0,1.0,1,8.494129251817686,4.61512051684126
1,1,1.0,1,0,360.0,1.0,2,8.995908761263994,5.5254529391317835
1,1,2.0,1,0,360.0,1.0,3,8.579040594742317,5.003946305945459
1,1,0.0,1,0,180.0,1.0,2,9.082166033252674,4.2626798770413155
1,0,0.0,1,0,360.0,1.0,1,9.157150543462064,5.7430031878094825
1,1,3.0,1,0,360.0,1.0,1,8.838551790227402,5.017279836814924
0,1,2.0,1,0,360.0,1.0,2,8.20631072579402,4.736198448394496
1,1,0.0,0,0,360.0,0.0,2,8.491875383431948,4.820281565605037
1,0,0.0,1,0,360.0,1.0,2,8.794673401383422,5.225746673713202
0,0,0.0,0,0,360.0,1.0,1,8.131824785007195,4.564348191467836
1,1,2.0,0,0,360.0,1.0,2,8.277666160851503,3.828641396489095
1,0,0.0,1,0,360.0,1.0,2,7.824445930877619,4.02535169073515
1,1,3.0,1,1,360.0,1.0,1,8.868131713503033,4.61512051684126
1,1,2.0,1,1,360.0,1.0,1,9.623442907213558,6.175867270105761
1,0,0.0,1,0,360.0,1.0,2,8.81996090128606,4.859812404361672
1,1,2.0,1,1,360.0,1.0,1,9.770013301136158,5.993961427306569
1,1,0.0,1,0,360.0,1.0,2,8.236420527265391,4.709530201312334
1,1,1.0,0,0,360.0,0.0,2,8.812248018197431,5.087596335232384
1,0,1.0,0,0,360.0,1.0,2,8.289539484624141,4.553876891600541
1,0,0.0,0,0,360.0,1.0,2,8.822322177471738,4.875197323201151
1,1,0.0,1,0,360.0,1.0,1,8.783549477153265,5.37989735354046
1,1,3.0,1,0,360.0,1.0,3,8.362175469149628,4.61512051684126
1,0,2.0,1,0,360.0,0.0,1,8.185628891147607,4.709530201312334
1,0,1.0,1,0,360.0,1.0,2,9.328212292571072,5.2832037287379885
0,0,0.0,0,1,360.0,1.0,3,9.80730699406216,4.836281906951478
1,0,0.0,0,0,360.0,1.0,1,8.432288684325794,4.844187086458591
1,1,0.0,1,0,360.0,1.0,3,9.214332393245721,5.783825182329737
1,0,2.0,1,0,360.0,1.0,2,8.193676665955241,4.68213122712422
1,1,0.0,0,0,360.0,1.0,1,8.147288258706624,4.204692619390966
1,1,3.0,1,0,180.0,1.0,1,8.766861821669803,5.062595033026967
0,1,1.0,1,0,180.0,1.0,2,8.916506080039204,4.948759890378168
0,0,0.0,1,0,360.0,0.0,2,7.668093709082406,4.605170185988092
0,0,1.0,1,0,360.0,1.0,2,8.203304026795282,4.564348191467836
1,1,1.0,0,0,360.0,1.0,3,8.46884293047519,4.859812404361672
0,1,0.0,0,0,360.0,1.0,2,8.210939733379021,4.634728988229636
1,1,0.0,1,0,360.0,1.0,1,8.459352191726387,5.049856007249537
1,0,0.0,0,0,360.0,1.0,2,8.119398589612294,4.394449154672439
1,0,0.0,1,0,360.0,1.0,1,8.368693183097793,4.983606621708336
0,0,0.0,1,0,360.0,0.0,2,8.517393171418904,4.6443908991413725
1,1,0.0,1,0,360.0,1.0,1,8.4767877767812,4.709530201312334
1,1,2.0,1,1,360.0,0.0,1,8.799963219506997,4.859812404361672
1,1,1.0,0,0,360.0,1.0,1,8.490438454107418,4.859812404361672
1,1,1.0,1,0,360.0,1.0,3,8.792397742356906,5.0689042022202315
1,1,0.0,0,0,360.0,0.0,3,8.473868066677865,5.204006687076795
1,1,0.0,1,0,180.0,0.0,1,8.969541885423252,4.890349128221754
1,1,1.0,1,0,360.0,1.0,2,8.77971129020447,3.4339872044851463
0,0,0.0,1,0,360.0,1.0,3,8.36474106822456,4.442651256490317
1,1,3.0,1,1,360.0,1.0,2,9.224243277145174,5.564520407322694
1,1,0.0,1,0,360.0,1.0,2,8.788288460263619,5.093750200806762
0,1,0.0,1,0,360.0,1.0,2,8.777555453213056,5.209486152841421
1,1,2.0,0,0,360.0,1.0,2,8.273336598504486,4.6913478822291435
0,1,1.0,1,1,360.0,1.0,2,9.87740021777281,6.398594934535208
1,1,0.0,1,0,360.0,1.0,1,8.984443032465352,5.356586274672012
1,0,0.0,0,1,360.0,1.0,2,8.665785595466064,4.890349128221754
1,1,2.0,1,0,360.0,0.0,3,9.082507000466299,5.556828061699537
1,1,0.0,0,0,360.0,1.0,1,8.404696160189092,4.795790545596741
1,0,0.0,1,0,360.0,1.0,3,8.111928063310739,4.2626798770413155
1,1,3.0,1,0,360.0,0.0,1,8.682877107057168,4.820281565605037
0,0,0.0,1,0,360.0,1.0,3,7.774435510302958,3.4339872044851463
1,1,0.0,1,0,360.0,0.0,3,8.562357743370612,4.653960350157523
1,1,1.0,1,0,360.0,1.0,3,8.550241045462437,5.231108616854587
1,1,0.0,1,0,360.0,0.0,3,8.789964651132264,5.111987788356544
1,1,2.0,1,0,360.0,1.0,3,9.721185995542177,5.62040086571715
1,1,2.0,0,0,360.0,1.0,2,8.955577146281511,5.236441962829949
1,1,3.0,1,0,360.0,1.0,2,8.765146421639022,5.017279836814924
1,1,2.0,1,0,84.0,1.0,3,8.19450550976564,4.6913478822291435
1,1,0.0,1,0,360.0,0.0,2,8.575084669832014,4.919980925828125
1,0,0.0,1,0,360.0,1.0,3,8.69433468816865,4.709530201312334
1,1,1.0,1,0,360.0,1.0,1,8.297792626380861,4.68213122712422
1,0,0.0,1,0,360.0,1.0,3,8.716044050161402,5.087596335232384
1,1,2.0,1,0,360.0,1.0,2,8.785845337961213,5.327876168789581
1,0,0.0,1,0,360.0,1.0,3,10.482177411118249,4.51085950651685
0,1,0.0,1,0,360.0,1.0,2,8.06054004653864,3.6109179126442243
1,1,1.0,1,0,360.0,1.0,1,7.668093709082406,4.127134385045092
1,1,1.0,1,0,360.0,0.0,1,8.45638105201948,4.990432586778736
1,1,1.0,1,0,84.0,1.0,1,8.8934354408475,5.153291594497779
1,1,0.0,1,0,360.0,1.0,3,8.24800570160062,4.653960350157523
0,0,0.0,0,0,360.0,1.0,2,7.680637427560936,4.2626798770413155
1,0,0.0,1,0,360.0,1.0,2,8.46611040118692,4.553876891600541
1,1,2.0,1,1,360.0,0.0,2,7.910957382845589,4.672828834461906
1,1,0.0,1,0,180.0,1.0,2,8.766705997750515,4.04305126783455
1,1,2.0,1,1,240.0,1.0,2,8.699681400989514,5.327876168789581
1,0,3.0,1,1,360.0,1.0,2,9.143986871426161,5.680172609017068
1,1,0.0,1,0,180.0,1.0,1,8.87626525995469,4.962844630259907
1,1,0.0,1,1,360.0,1.0,3,9.687878048875998,5.564520407322694
1,0,0.0,0,0,360.0,1.0,1,8.251663923605589,4.709530201312334
1,1,2.0,0,1,360.0,1.0,1,8.907070776182689,5.236441962829949
1,0,0.0,1,0,360.0,0.0,2,8.002359546252707,4.48863636973214
1,1,0.0,1,1,360.0,1.0,1,9.20673387638207,5.198497031265826
1,1,2.0,1,0,360.0,1.0,3,8.662331957082475,5.262690188904886
0,0,3.0,1,0,180.0,1.0,3,10.537945736747394,5.860786223465865
1,1,0.0,0,0,360.0,1.0,1,8.645938147306799,5.049856007249537
1,1,3.0,1,0,360.0,1.0,3,8.648922962094131,4.859812404361672
1,0,0.0,1,0,360.0,1.0,1,8.984443032465352,5.153291594497779
0,1,1.0,1,0,360.0,1.0,2,9.392745258631441,6.208590026096629
1,1,0.0,0,0,180.0,1.0,3,8.732465848349879,4.859812404361672
1,1,1.0,1,0,360.0,1.0,2,8.682877107057168,5.159055299214529
1,1,2.0,0,0,360.0,1.0,1,8.593969030218288,5.062595033026967
1,1,0.0,1,0,360.0,1.0,1,8.553139318189707,4.6913478822291435
0,0,0.0,1,0,360.0,1.0,1,7.972810784121404,4.276666119016055
1,1,3.0,1,0,180.0,1.0,1,8.320448113956559,3.713572066704308
1,1,1.0,1,0,360.0,1.0,3,9.025575833531088,5.537334267018537
1,1,2.0,1,0,360.0,1.0,3,8.933796043934858,5.236441962829949
0,0,0.0,1,1,360.0,0.0,2,8.430327258394575,4.897839799950911
